{
  "generated_at": "2026-02-26T02:27:13Z",
  "models": [
    {
      "model_name": "ProtectAI-DeBERTa-v3",
      "model_id": "ProtectAI/deberta-v3-base-prompt-injection-v2",
      "threshold": 0.5,
      "n_samples": 406,
      "precision": 1.0,
      "recall": 0.42857142857142855,
      "f1": 0.6,
      "tp": 87,
      "fp": 0,
      "tn": 203,
      "fn": 116,
      "latency_p50_ms": 108.58654149342328,
      "latency_p95_ms": 152.6872600079514,
      "latency_p99_ms": 236.0059992759487,
      "throughput_rps": 8.704129550010512,
      "total_time_s": 46.64452633284964
    }
  ],
  "pr_curves": {},
  "tier3_validation": [
    {
      "model_name": "ProtectAI-DeBERTa-v3",
      "tier2_recall": 0.42857142857142855,
      "tier3_catches": 42,
      "tier3_catch_rate": 0.3620689655172414,
      "combined_recall": 0.6354679802955665,
      "recall_delta": 0.20689655172413796,
      "n_total_positive": 203,
      "n_missed": 116,
      "n_errors": 0,
      "judge_model": "claude-haiku-4-5-20251001",
      "judge_provider": "anthropic"
    }
  ]
}